{
    "metadata": {
        "bookTitle": "Moby-Dick",
        "creator": "Herman Melville",
        "description": "",
        "pubdate": "",
        "publisher": "Harper & Brothers, Publishers",
        "identifier": "code.google.com.epub-samples.moby-dick-basic",
        "language": "en-US",
        "rights": "This work is shared with the public using the Attribution-ShareAlike 3.0 Unported (CC BY-SA 3.0) license.",
        "modified_date": "2012-01-18T12:47:00Z",
        "layout": "",
        "orientation": "",
        "spread": ""
    },
    "pages": [{
        "id": "cover",
        "linear": "no",
        "properties": "",
        "href": "cover.xhtml",
        "url": "http://pulse-sa-assets.s3-website-us-east-1.amazonaws.com/index.html",
        "index": 0
    }, {
        "id": "titlepage",
        "linear": "yes",
        "properties": "",
        "href": "titlepage.xhtml",
        "url": "https://s3.amazonaws.com/moby-dick/OPS/titlepage.xhtml",
        "index": 1
    }, {
        "id": "brief-toc",
        "linear": "yes",
        "properties": "",
        "href": "toc-short.xhtml",
        "url": "https://s3.amazonaws.com/moby-dick/OPS/toc-short.xhtml",
        "index": 2
    }, {
        "id": "xpreface_001",
        "linear": "yes",
        "properties": "",
        "href": "preface_001.xhtml",
        "url": "https://s3.amazonaws.com/moby-dick/OPS/preface_001.xhtml",
        "index": 3
    }, {
        "id": "xintroduction_001",
        "linear": "yes",
        "properties": "",
        "href": "introduction_001.xhtml",
        "url": "https://s3.amazonaws.com/moby-dick/OPS/introduction_001.xhtml",
        "index": 4
    }, {
        "id": "xepigraph_001",
        "linear": "yes",
        "properties": "",
        "href": "epigraph_001.xhtml",
        "url": "https://s3.amazonaws.com/moby-dick/OPS/epigraph_001.xhtml",
        "index": 5
    }, {
        "id": "xchapter_001",
        "linear": "yes",
        "properties": "",
        "href": "chapter_001.xhtml",
        "url": "https://s3.amazonaws.com/moby-dick/OPS/chapter_001.xhtml",
        "index": 6
    }, {
        "id": "xchapter_002",
        "linear": "yes",
        "properties": "",
        "href": "chapter_002.xhtml",
        "url": "https://s3.amazonaws.com/moby-dick/OPS/chapter_002.xhtml",
        "index": 7
    }, {
        "id": "xchapter_003",
        "linear": "yes",
        "properties": "",
        "href": "chapter_003.xhtml",
        "url": "https://s3.amazonaws.com/moby-dick/OPS/chapter_003.xhtml",
        "index": 8
    }, {
        "id": "xchapter_004",
        "linear": "yes",
        "properties": "",
        "href": "chapter_004.xhtml",
        "url": "https://s3.amazonaws.com/moby-dick/OPS/chapter_004.xhtml",
        "index": 9
    }, {
        "id": "xchapter_005",
        "linear": "yes",
        "properties": "",
        "href": "chapter_005.xhtml",
        "url": "https://s3.amazonaws.com/moby-dick/OPS/chapter_005.xhtml",
        "index": 10
    }, {
        "id": "xchapter_006",
        "linear": "yes",
        "properties": "",
        "href": "chapter_006.xhtml",
        "url": "https://s3.amazonaws.com/moby-dick/OPS/chapter_006.xhtml",
        "index": 11
    }, {
        "id": "xchapter_007",
        "linear": "yes",
        "properties": "",
        "href": "chapter_007.xhtml",
        "url": "https://s3.amazonaws.com/moby-dick/OPS/chapter_007.xhtml",
        "index": 12
    }, {
        "id": "xchapter_008",
        "linear": "yes",
        "properties": "",
        "href": "chapter_008.xhtml",
        "url": "https://s3.amazonaws.com/moby-dick/OPS/chapter_008.xhtml",
        "index": 13
    }, {
        "id": "xchapter_009",
        "linear": "yes",
        "properties": "",
        "href": "chapter_009.xhtml",
        "url": "https://s3.amazonaws.com/moby-dick/OPS/chapter_009.xhtml",
        "index": 14
    }, {
        "id": "xchapter_010",
        "linear": "yes",
        "properties": "",
        "href": "chapter_010.xhtml",
        "url": "https://s3.amazonaws.com/moby-dick/OPS/chapter_010.xhtml",
        "index": 15
    }, {
        "id": "xchapter_011",
        "linear": "yes",
        "properties": "",
        "href": "chapter_011.xhtml",
        "url": "https://s3.amazonaws.com/moby-dick/OPS/chapter_011.xhtml",
        "index": 16
    }, {
        "id": "xchapter_012",
        "linear": "yes",
        "properties": "",
        "href": "chapter_012.xhtml",
        "url": "https://s3.amazonaws.com/moby-dick/OPS/chapter_012.xhtml",
        "index": 17
    }, {
        "id": "xchapter_013",
        "linear": "yes",
        "properties": "",
        "href": "chapter_013.xhtml",
        "url": "https://s3.amazonaws.com/moby-dick/OPS/chapter_013.xhtml",
        "index": 18
    }, {
        "id": "xchapter_014",
        "linear": "yes",
        "properties": "",
        "href": "chapter_014.xhtml",
        "url": "https://s3.amazonaws.com/moby-dick/OPS/chapter_014.xhtml",
        "index": 19
    }, {
        "id": "xchapter_015",
        "linear": "yes",
        "properties": "",
        "href": "chapter_015.xhtml",
        "url": "https://s3.amazonaws.com/moby-dick/OPS/chapter_015.xhtml",
        "index": 20
    }, {
        "id": "xchapter_016",
        "linear": "yes",
        "properties": "",
        "href": "chapter_016.xhtml",
        "url": "https://s3.amazonaws.com/moby-dick/OPS/chapter_016.xhtml",
        "index": 21
    }, {
        "id": "xchapter_017",
        "linear": "yes",
        "properties": "",
        "href": "chapter_017.xhtml",
        "url": "https://s3.amazonaws.com/moby-dick/OPS/chapter_017.xhtml",
        "index": 22
    }, {
        "id": "xchapter_018",
        "linear": "yes",
        "properties": "",
        "href": "chapter_018.xhtml",
        "url": "https://s3.amazonaws.com/moby-dick/OPS/chapter_018.xhtml",
        "index": 23
    }, {
        "id": "xchapter_019",
        "linear": "yes",
        "properties": "",
        "href": "chapter_019.xhtml",
        "url": "https://s3.amazonaws.com/moby-dick/OPS/chapter_019.xhtml",
        "index": 24
    }, {
        "id": "xchapter_020",
        "linear": "yes",
        "properties": "",
        "href": "chapter_020.xhtml",
        "url": "https://s3.amazonaws.com/moby-dick/OPS/chapter_020.xhtml",
        "index": 25
    }, {
        "id": "xchapter_021",
        "linear": "yes",
        "properties": "",
        "href": "chapter_021.xhtml",
        "url": "https://s3.amazonaws.com/moby-dick/OPS/chapter_021.xhtml",
        "index": 26
    }, {
        "id": "xchapter_022",
        "linear": "yes",
        "properties": "",
        "href": "chapter_022.xhtml",
        "url": "https://s3.amazonaws.com/moby-dick/OPS/chapter_022.xhtml",
        "index": 27
    }, {
        "id": "xchapter_023",
        "linear": "yes",
        "properties": "",
        "href": "chapter_023.xhtml",
        "url": "https://s3.amazonaws.com/moby-dick/OPS/chapter_023.xhtml",
        "index": 28
    }, {
        "id": "xchapter_024",
        "linear": "yes",
        "properties": "",
        "href": "chapter_024.xhtml",
        "url": "https://s3.amazonaws.com/moby-dick/OPS/chapter_024.xhtml",
        "index": 29
    }, {
        "id": "xchapter_025",
        "linear": "yes",
        "properties": "",
        "href": "chapter_025.xhtml",
        "url": "https://s3.amazonaws.com/moby-dick/OPS/chapter_025.xhtml",
        "index": 30
    }, {
        "id": "xchapter_026",
        "linear": "yes",
        "properties": "",
        "href": "chapter_026.xhtml",
        "url": "https://s3.amazonaws.com/moby-dick/OPS/chapter_026.xhtml",
        "index": 31
    }, {
        "id": "xchapter_027",
        "linear": "yes",
        "properties": "",
        "href": "chapter_027.xhtml",
        "url": "https://s3.amazonaws.com/moby-dick/OPS/chapter_027.xhtml",
        "index": 32
    }, {
        "id": "xchapter_028",
        "linear": "yes",
        "properties": "",
        "href": "chapter_028.xhtml",
        "url": "https://s3.amazonaws.com/moby-dick/OPS/chapter_028.xhtml",
        "index": 33
    }, {
        "id": "xchapter_029",
        "linear": "yes",
        "properties": "",
        "href": "chapter_029.xhtml",
        "url": "https://s3.amazonaws.com/moby-dick/OPS/chapter_029.xhtml",
        "index": 34
    }, {
        "id": "xchapter_030",
        "linear": "yes",
        "properties": "",
        "href": "chapter_030.xhtml",
        "url": "https://s3.amazonaws.com/moby-dick/OPS/chapter_030.xhtml",
        "index": 35
    }, {
        "id": "xchapter_031",
        "linear": "yes",
        "properties": "",
        "href": "chapter_031.xhtml",
        "url": "https://s3.amazonaws.com/moby-dick/OPS/chapter_031.xhtml",
        "index": 36
    }, {
        "id": "xchapter_032",
        "linear": "yes",
        "properties": "",
        "href": "chapter_032.xhtml",
        "url": "https://s3.amazonaws.com/moby-dick/OPS/chapter_032.xhtml",
        "index": 37
    }, {
        "id": "xchapter_033",
        "linear": "yes",
        "properties": "",
        "href": "chapter_033.xhtml",
        "url": "https://s3.amazonaws.com/moby-dick/OPS/chapter_033.xhtml",
        "index": 38
    }, {
        "id": "xchapter_034",
        "linear": "yes",
        "properties": "",
        "href": "chapter_034.xhtml",
        "url": "https://s3.amazonaws.com/moby-dick/OPS/chapter_034.xhtml",
        "index": 39
    }, {
        "id": "xchapter_035",
        "linear": "yes",
        "properties": "",
        "href": "chapter_035.xhtml",
        "url": "https://s3.amazonaws.com/moby-dick/OPS/chapter_035.xhtml",
        "index": 40
    }, {
        "id": "xchapter_036",
        "linear": "yes",
        "properties": "",
        "href": "chapter_036.xhtml",
        "url": "https://s3.amazonaws.com/moby-dick/OPS/chapter_036.xhtml",
        "index": 41
    }, {
        "id": "xchapter_037",
        "linear": "yes",
        "properties": "",
        "href": "chapter_037.xhtml",
        "url": "https://s3.amazonaws.com/moby-dick/OPS/chapter_037.xhtml",
        "index": 42
    }, {
        "id": "xchapter_038",
        "linear": "yes",
        "properties": "",
        "href": "chapter_038.xhtml",
        "url": "https://s3.amazonaws.com/moby-dick/OPS/chapter_038.xhtml",
        "index": 43
    }, {
        "id": "xchapter_039",
        "linear": "yes",
        "properties": "",
        "href": "chapter_039.xhtml",
        "url": "https://s3.amazonaws.com/moby-dick/OPS/chapter_039.xhtml",
        "index": 44
    }, {
        "id": "xchapter_040",
        "linear": "yes",
        "properties": "",
        "href": "chapter_040.xhtml",
        "url": "https://s3.amazonaws.com/moby-dick/OPS/chapter_040.xhtml",
        "index": 45
    }, {
        "id": "xchapter_041",
        "linear": "yes",
        "properties": "",
        "href": "chapter_041.xhtml",
        "url": "https://s3.amazonaws.com/moby-dick/OPS/chapter_041.xhtml",
        "index": 46
    }, {
        "id": "xchapter_042",
        "linear": "yes",
        "properties": "",
        "href": "chapter_042.xhtml",
        "url": "https://s3.amazonaws.com/moby-dick/OPS/chapter_042.xhtml",
        "index": 47
    }, {
        "id": "xchapter_043",
        "linear": "yes",
        "properties": "",
        "href": "chapter_043.xhtml",
        "url": "https://s3.amazonaws.com/moby-dick/OPS/chapter_043.xhtml",
        "index": 48
    }, {
        "id": "xchapter_044",
        "linear": "yes",
        "properties": "",
        "href": "chapter_044.xhtml",
        "url": "https://s3.amazonaws.com/moby-dick/OPS/chapter_044.xhtml",
        "index": 49
    }, {
        "id": "xchapter_045",
        "linear": "yes",
        "properties": "",
        "href": "chapter_045.xhtml",
        "url": "https://s3.amazonaws.com/moby-dick/OPS/chapter_045.xhtml",
        "index": 50
    }, {
        "id": "xchapter_046",
        "linear": "yes",
        "properties": "",
        "href": "chapter_046.xhtml",
        "url": "https://s3.amazonaws.com/moby-dick/OPS/chapter_046.xhtml",
        "index": 51
    }, {
        "id": "xchapter_047",
        "linear": "yes",
        "properties": "",
        "href": "chapter_047.xhtml",
        "url": "https://s3.amazonaws.com/moby-dick/OPS/chapter_047.xhtml",
        "index": 52
    }, {
        "id": "xchapter_048",
        "linear": "yes",
        "properties": "",
        "href": "chapter_048.xhtml",
        "url": "https://s3.amazonaws.com/moby-dick/OPS/chapter_048.xhtml",
        "index": 53
    }, {
        "id": "xchapter_049",
        "linear": "yes",
        "properties": "",
        "href": "chapter_049.xhtml",
        "url": "https://s3.amazonaws.com/moby-dick/OPS/chapter_049.xhtml",
        "index": 54
    }, {
        "id": "xchapter_050",
        "linear": "yes",
        "properties": "",
        "href": "chapter_050.xhtml",
        "url": "https://s3.amazonaws.com/moby-dick/OPS/chapter_050.xhtml",
        "index": 55
    }, {
        "id": "xchapter_051",
        "linear": "yes",
        "properties": "",
        "href": "chapter_051.xhtml",
        "url": "https://s3.amazonaws.com/moby-dick/OPS/chapter_051.xhtml",
        "index": 56
    }, {
        "id": "xchapter_052",
        "linear": "yes",
        "properties": "",
        "href": "chapter_052.xhtml",
        "url": "https://s3.amazonaws.com/moby-dick/OPS/chapter_052.xhtml",
        "index": 57
    }, {
        "id": "xchapter_053",
        "linear": "yes",
        "properties": "",
        "href": "chapter_053.xhtml",
        "url": "https://s3.amazonaws.com/moby-dick/OPS/chapter_053.xhtml",
        "index": 58
    }, {
        "id": "xchapter_054",
        "linear": "yes",
        "properties": "",
        "href": "chapter_054.xhtml",
        "url": "https://s3.amazonaws.com/moby-dick/OPS/chapter_054.xhtml",
        "index": 59
    }, {
        "id": "xchapter_055",
        "linear": "yes",
        "properties": "",
        "href": "chapter_055.xhtml",
        "url": "https://s3.amazonaws.com/moby-dick/OPS/chapter_055.xhtml",
        "index": 60
    }, {
        "id": "xchapter_056",
        "linear": "yes",
        "properties": "",
        "href": "chapter_056.xhtml",
        "url": "https://s3.amazonaws.com/moby-dick/OPS/chapter_056.xhtml",
        "index": 61
    }, {
        "id": "xchapter_057",
        "linear": "yes",
        "properties": "",
        "href": "chapter_057.xhtml",
        "url": "https://s3.amazonaws.com/moby-dick/OPS/chapter_057.xhtml",
        "index": 62
    }, {
        "id": "xchapter_058",
        "linear": "yes",
        "properties": "",
        "href": "chapter_058.xhtml",
        "url": "https://s3.amazonaws.com/moby-dick/OPS/chapter_058.xhtml",
        "index": 63
    }, {
        "id": "xchapter_059",
        "linear": "yes",
        "properties": "",
        "href": "chapter_059.xhtml",
        "url": "https://s3.amazonaws.com/moby-dick/OPS/chapter_059.xhtml",
        "index": 64
    }, {
        "id": "xchapter_060",
        "linear": "yes",
        "properties": "",
        "href": "chapter_060.xhtml",
        "url": "https://s3.amazonaws.com/moby-dick/OPS/chapter_060.xhtml",
        "index": 65
    }, {
        "id": "xchapter_061",
        "linear": "yes",
        "properties": "",
        "href": "chapter_061.xhtml",
        "url": "https://s3.amazonaws.com/moby-dick/OPS/chapter_061.xhtml",
        "index": 66
    }, {
        "id": "xchapter_062",
        "linear": "yes",
        "properties": "",
        "href": "chapter_062.xhtml",
        "url": "https://s3.amazonaws.com/moby-dick/OPS/chapter_062.xhtml",
        "index": 67
    }, {
        "id": "xchapter_063",
        "linear": "yes",
        "properties": "",
        "href": "chapter_063.xhtml",
        "url": "https://s3.amazonaws.com/moby-dick/OPS/chapter_063.xhtml",
        "index": 68
    }, {
        "id": "xchapter_064",
        "linear": "yes",
        "properties": "",
        "href": "chapter_064.xhtml",
        "url": "https://s3.amazonaws.com/moby-dick/OPS/chapter_064.xhtml",
        "index": 69
    }, {
        "id": "xchapter_065",
        "linear": "yes",
        "properties": "",
        "href": "chapter_065.xhtml",
        "url": "https://s3.amazonaws.com/moby-dick/OPS/chapter_065.xhtml",
        "index": 70
    }, {
        "id": "xchapter_066",
        "linear": "yes",
        "properties": "",
        "href": "chapter_066.xhtml",
        "url": "https://s3.amazonaws.com/moby-dick/OPS/chapter_066.xhtml",
        "index": 71
    }, {
        "id": "xchapter_067",
        "linear": "yes",
        "properties": "",
        "href": "chapter_067.xhtml",
        "url": "https://s3.amazonaws.com/moby-dick/OPS/chapter_067.xhtml",
        "index": 72
    }, {
        "id": "xchapter_068",
        "linear": "yes",
        "properties": "",
        "href": "chapter_068.xhtml",
        "url": "https://s3.amazonaws.com/moby-dick/OPS/chapter_068.xhtml",
        "index": 73
    }, {
        "id": "xchapter_069",
        "linear": "yes",
        "properties": "",
        "href": "chapter_069.xhtml",
        "url": "https://s3.amazonaws.com/moby-dick/OPS/chapter_069.xhtml",
        "index": 74
    }, {
        "id": "xchapter_070",
        "linear": "yes",
        "properties": "",
        "href": "chapter_070.xhtml",
        "url": "https://s3.amazonaws.com/moby-dick/OPS/chapter_070.xhtml",
        "index": 75
    }, {
        "id": "xchapter_071",
        "linear": "yes",
        "properties": "",
        "href": "chapter_071.xhtml",
        "url": "https://s3.amazonaws.com/moby-dick/OPS/chapter_071.xhtml",
        "index": 76
    }, {
        "id": "xchapter_072",
        "linear": "yes",
        "properties": "",
        "href": "chapter_072.xhtml",
        "url": "https://s3.amazonaws.com/moby-dick/OPS/chapter_072.xhtml",
        "index": 77
    }, {
        "id": "xchapter_073",
        "linear": "yes",
        "properties": "",
        "href": "chapter_073.xhtml",
        "url": "https://s3.amazonaws.com/moby-dick/OPS/chapter_073.xhtml",
        "index": 78
    }, {
        "id": "xchapter_074",
        "linear": "yes",
        "properties": "",
        "href": "chapter_074.xhtml",
        "url": "https://s3.amazonaws.com/moby-dick/OPS/chapter_074.xhtml",
        "index": 79
    }, {
        "id": "xchapter_075",
        "linear": "yes",
        "properties": "",
        "href": "chapter_075.xhtml",
        "url": "https://s3.amazonaws.com/moby-dick/OPS/chapter_075.xhtml",
        "index": 80
    }, {
        "id": "xchapter_076",
        "linear": "yes",
        "properties": "",
        "href": "chapter_076.xhtml",
        "url": "https://s3.amazonaws.com/moby-dick/OPS/chapter_076.xhtml",
        "index": 81
    }, {
        "id": "xchapter_077",
        "linear": "yes",
        "properties": "",
        "href": "chapter_077.xhtml",
        "url": "https://s3.amazonaws.com/moby-dick/OPS/chapter_077.xhtml",
        "index": 82
    }, {
        "id": "xchapter_078",
        "linear": "yes",
        "properties": "",
        "href": "chapter_078.xhtml",
        "url": "https://s3.amazonaws.com/moby-dick/OPS/chapter_078.xhtml",
        "index": 83
    }, {
        "id": "xchapter_079",
        "linear": "yes",
        "properties": "",
        "href": "chapter_079.xhtml",
        "url": "https://s3.amazonaws.com/moby-dick/OPS/chapter_079.xhtml",
        "index": 84
    }, {
        "id": "xchapter_080",
        "linear": "yes",
        "properties": "",
        "href": "chapter_080.xhtml",
        "url": "https://s3.amazonaws.com/moby-dick/OPS/chapter_080.xhtml",
        "index": 85
    }, {
        "id": "xchapter_081",
        "linear": "yes",
        "properties": "",
        "href": "chapter_081.xhtml",
        "url": "https://s3.amazonaws.com/moby-dick/OPS/chapter_081.xhtml",
        "index": 86
    }, {
        "id": "xchapter_082",
        "linear": "yes",
        "properties": "",
        "href": "chapter_082.xhtml",
        "url": "https://s3.amazonaws.com/moby-dick/OPS/chapter_082.xhtml",
        "index": 87
    }, {
        "id": "xchapter_083",
        "linear": "yes",
        "properties": "",
        "href": "chapter_083.xhtml",
        "url": "https://s3.amazonaws.com/moby-dick/OPS/chapter_083.xhtml",
        "index": 88
    }, {
        "id": "xchapter_084",
        "linear": "yes",
        "properties": "",
        "href": "chapter_084.xhtml",
        "url": "https://s3.amazonaws.com/moby-dick/OPS/chapter_084.xhtml",
        "index": 89
    }, {
        "id": "xchapter_085",
        "linear": "yes",
        "properties": "",
        "href": "chapter_085.xhtml",
        "url": "https://s3.amazonaws.com/moby-dick/OPS/chapter_085.xhtml",
        "index": 90
    }, {
        "id": "xchapter_086",
        "linear": "yes",
        "properties": "",
        "href": "chapter_086.xhtml",
        "url": "https://s3.amazonaws.com/moby-dick/OPS/chapter_086.xhtml",
        "index": 91
    }, {
        "id": "xchapter_087",
        "linear": "yes",
        "properties": "",
        "href": "chapter_087.xhtml",
        "url": "https://s3.amazonaws.com/moby-dick/OPS/chapter_087.xhtml",
        "index": 92
    }, {
        "id": "xchapter_088",
        "linear": "yes",
        "properties": "",
        "href": "chapter_088.xhtml",
        "url": "https://s3.amazonaws.com/moby-dick/OPS/chapter_088.xhtml",
        "index": 93
    }, {
        "id": "xchapter_089",
        "linear": "yes",
        "properties": "",
        "href": "chapter_089.xhtml",
        "url": "https://s3.amazonaws.com/moby-dick/OPS/chapter_089.xhtml",
        "index": 94
    }, {
        "id": "xchapter_090",
        "linear": "yes",
        "properties": "",
        "href": "chapter_090.xhtml",
        "url": "https://s3.amazonaws.com/moby-dick/OPS/chapter_090.xhtml",
        "index": 95
    }, {
        "id": "xchapter_091",
        "linear": "yes",
        "properties": "",
        "href": "chapter_091.xhtml",
        "url": "https://s3.amazonaws.com/moby-dick/OPS/chapter_091.xhtml",
        "index": 96
    }, {
        "id": "xchapter_092",
        "linear": "yes",
        "properties": "",
        "href": "chapter_092.xhtml",
        "url": "https://s3.amazonaws.com/moby-dick/OPS/chapter_092.xhtml",
        "index": 97
    }, {
        "id": "xchapter_093",
        "linear": "yes",
        "properties": "",
        "href": "chapter_093.xhtml",
        "url": "https://s3.amazonaws.com/moby-dick/OPS/chapter_093.xhtml",
        "index": 98
    }, {
        "id": "xchapter_094",
        "linear": "yes",
        "properties": "",
        "href": "chapter_094.xhtml",
        "url": "https://s3.amazonaws.com/moby-dick/OPS/chapter_094.xhtml",
        "index": 99
    }, {
        "id": "xchapter_095",
        "linear": "yes",
        "properties": "",
        "href": "chapter_095.xhtml",
        "url": "https://s3.amazonaws.com/moby-dick/OPS/chapter_095.xhtml",
        "index": 100
    }, {
        "id": "xchapter_096",
        "linear": "yes",
        "properties": "",
        "href": "chapter_096.xhtml",
        "url": "https://s3.amazonaws.com/moby-dick/OPS/chapter_096.xhtml",
        "index": 101
    }, {
        "id": "xchapter_097",
        "linear": "yes",
        "properties": "",
        "href": "chapter_097.xhtml",
        "url": "https://s3.amazonaws.com/moby-dick/OPS/chapter_097.xhtml",
        "index": 102
    }, {
        "id": "xchapter_098",
        "linear": "yes",
        "properties": "",
        "href": "chapter_098.xhtml",
        "url": "https://s3.amazonaws.com/moby-dick/OPS/chapter_098.xhtml",
        "index": 103
    }, {
        "id": "xchapter_099",
        "linear": "yes",
        "properties": "",
        "href": "chapter_099.xhtml",
        "url": "https://s3.amazonaws.com/moby-dick/OPS/chapter_099.xhtml",
        "index": 104
    }, {
        "id": "xchapter_100",
        "linear": "yes",
        "properties": "",
        "href": "chapter_100.xhtml",
        "url": "https://s3.amazonaws.com/moby-dick/OPS/chapter_100.xhtml",
        "index": 105
    }, {
        "id": "xchapter_101",
        "linear": "yes",
        "properties": "",
        "href": "chapter_101.xhtml",
        "url": "https://s3.amazonaws.com/moby-dick/OPS/chapter_101.xhtml",
        "index": 106
    }, {
        "id": "xchapter_102",
        "linear": "yes",
        "properties": "",
        "href": "chapter_102.xhtml",
        "url": "https://s3.amazonaws.com/moby-dick/OPS/chapter_102.xhtml",
        "index": 107
    }, {
        "id": "xchapter_103",
        "linear": "yes",
        "properties": "",
        "href": "chapter_103.xhtml",
        "url": "https://s3.amazonaws.com/moby-dick/OPS/chapter_103.xhtml",
        "index": 108
    }, {
        "id": "xchapter_104",
        "linear": "yes",
        "properties": "",
        "href": "chapter_104.xhtml",
        "url": "https://s3.amazonaws.com/moby-dick/OPS/chapter_104.xhtml",
        "index": 109
    }, {
        "id": "xchapter_105",
        "linear": "yes",
        "properties": "",
        "href": "chapter_105.xhtml",
        "url": "https://s3.amazonaws.com/moby-dick/OPS/chapter_105.xhtml",
        "index": 110
    }, {
        "id": "xchapter_106",
        "linear": "yes",
        "properties": "",
        "href": "chapter_106.xhtml",
        "url": "https://s3.amazonaws.com/moby-dick/OPS/chapter_106.xhtml",
        "index": 111
    }, {
        "id": "xchapter_107",
        "linear": "yes",
        "properties": "",
        "href": "chapter_107.xhtml",
        "url": "https://s3.amazonaws.com/moby-dick/OPS/chapter_107.xhtml",
        "index": 112
    }, {
        "id": "xchapter_108",
        "linear": "yes",
        "properties": "",
        "href": "chapter_108.xhtml",
        "url": "https://s3.amazonaws.com/moby-dick/OPS/chapter_108.xhtml",
        "index": 113
    }, {
        "id": "xchapter_109",
        "linear": "yes",
        "properties": "",
        "href": "chapter_109.xhtml",
        "url": "https://s3.amazonaws.com/moby-dick/OPS/chapter_109.xhtml",
        "index": 114
    }, {
        "id": "xchapter_110",
        "linear": "yes",
        "properties": "",
        "href": "chapter_110.xhtml",
        "url": "https://s3.amazonaws.com/moby-dick/OPS/chapter_110.xhtml",
        "index": 115
    }, {
        "id": "xchapter_111",
        "linear": "yes",
        "properties": "",
        "href": "chapter_111.xhtml",
        "url": "https://s3.amazonaws.com/moby-dick/OPS/chapter_111.xhtml",
        "index": 116
    }, {
        "id": "xchapter_112",
        "linear": "yes",
        "properties": "",
        "href": "chapter_112.xhtml",
        "url": "https://s3.amazonaws.com/moby-dick/OPS/chapter_112.xhtml",
        "index": 117
    }, {
        "id": "xchapter_113",
        "linear": "yes",
        "properties": "",
        "href": "chapter_113.xhtml",
        "url": "https://s3.amazonaws.com/moby-dick/OPS/chapter_113.xhtml",
        "index": 118
    }, {
        "id": "xchapter_114",
        "linear": "yes",
        "properties": "",
        "href": "chapter_114.xhtml",
        "url": "https://s3.amazonaws.com/moby-dick/OPS/chapter_114.xhtml",
        "index": 119
    }, {
        "id": "xchapter_115",
        "linear": "yes",
        "properties": "",
        "href": "chapter_115.xhtml",
        "url": "https://s3.amazonaws.com/moby-dick/OPS/chapter_115.xhtml",
        "index": 120
    }, {
        "id": "xchapter_116",
        "linear": "yes",
        "properties": "",
        "href": "chapter_116.xhtml",
        "url": "https://s3.amazonaws.com/moby-dick/OPS/chapter_116.xhtml",
        "index": 121
    }, {
        "id": "xchapter_117",
        "linear": "yes",
        "properties": "",
        "href": "chapter_117.xhtml",
        "url": "https://s3.amazonaws.com/moby-dick/OPS/chapter_117.xhtml",
        "index": 122
    }, {
        "id": "xchapter_118",
        "linear": "yes",
        "properties": "",
        "href": "chapter_118.xhtml",
        "url": "https://s3.amazonaws.com/moby-dick/OPS/chapter_118.xhtml",
        "index": 123
    }, {
        "id": "xchapter_119",
        "linear": "yes",
        "properties": "",
        "href": "chapter_119.xhtml",
        "url": "https://s3.amazonaws.com/moby-dick/OPS/chapter_119.xhtml",
        "index": 124
    }, {
        "id": "xchapter_120",
        "linear": "yes",
        "properties": "",
        "href": "chapter_120.xhtml",
        "url": "https://s3.amazonaws.com/moby-dick/OPS/chapter_120.xhtml",
        "index": 125
    }, {
        "id": "xchapter_121",
        "linear": "yes",
        "properties": "",
        "href": "chapter_121.xhtml",
        "url": "https://s3.amazonaws.com/moby-dick/OPS/chapter_121.xhtml",
        "index": 126
    }, {
        "id": "xchapter_122",
        "linear": "yes",
        "properties": "",
        "href": "chapter_122.xhtml",
        "url": "https://s3.amazonaws.com/moby-dick/OPS/chapter_122.xhtml",
        "index": 127
    }, {
        "id": "xchapter_123",
        "linear": "yes",
        "properties": "",
        "href": "chapter_123.xhtml",
        "url": "https://s3.amazonaws.com/moby-dick/OPS/chapter_123.xhtml",
        "index": 128
    }, {
        "id": "xchapter_124",
        "linear": "yes",
        "properties": "",
        "href": "chapter_124.xhtml",
        "url": "https://s3.amazonaws.com/moby-dick/OPS/chapter_124.xhtml",
        "index": 129
    }, {
        "id": "xchapter_125",
        "linear": "yes",
        "properties": "",
        "href": "chapter_125.xhtml",
        "url": "https://s3.amazonaws.com/moby-dick/OPS/chapter_125.xhtml",
        "index": 130
    }, {
        "id": "xchapter_126",
        "linear": "yes",
        "properties": "",
        "href": "chapter_126.xhtml",
        "url": "https://s3.amazonaws.com/moby-dick/OPS/chapter_126.xhtml",
        "index": 131
    }, {
        "id": "xchapter_127",
        "linear": "yes",
        "properties": "",
        "href": "chapter_127.xhtml",
        "url": "https://s3.amazonaws.com/moby-dick/OPS/chapter_127.xhtml",
        "index": 132
    }, {
        "id": "xchapter_128",
        "linear": "yes",
        "properties": "",
        "href": "chapter_128.xhtml",
        "url": "https://s3.amazonaws.com/moby-dick/OPS/chapter_128.xhtml",
        "index": 133
    }, {
        "id": "xchapter_129",
        "linear": "yes",
        "properties": "",
        "href": "chapter_129.xhtml",
        "url": "https://s3.amazonaws.com/moby-dick/OPS/chapter_129.xhtml",
        "index": 134
    }, {
        "id": "xchapter_130",
        "linear": "yes",
        "properties": "",
        "href": "chapter_130.xhtml",
        "url": "https://s3.amazonaws.com/moby-dick/OPS/chapter_130.xhtml",
        "index": 135
    }, {
        "id": "xchapter_131",
        "linear": "yes",
        "properties": "",
        "href": "chapter_131.xhtml",
        "url": "https://s3.amazonaws.com/moby-dick/OPS/chapter_131.xhtml",
        "index": 136
    }, {
        "id": "xchapter_132",
        "linear": "yes",
        "properties": "",
        "href": "chapter_132.xhtml",
        "url": "https://s3.amazonaws.com/moby-dick/OPS/chapter_132.xhtml",
        "index": 137
    }, {
        "id": "xchapter_133",
        "linear": "yes",
        "properties": "",
        "href": "chapter_133.xhtml",
        "url": "https://s3.amazonaws.com/moby-dick/OPS/chapter_133.xhtml",
        "index": 138
    }, {
        "id": "xchapter_134",
        "linear": "yes",
        "properties": "",
        "href": "chapter_134.xhtml",
        "url": "https://s3.amazonaws.com/moby-dick/OPS/chapter_134.xhtml",
        "index": 139
    }, {
        "id": "xchapter_135",
        "linear": "yes",
        "properties": "",
        "href": "chapter_135.xhtml",
        "url": "https://s3.amazonaws.com/moby-dick/OPS/chapter_135.xhtml",
        "index": 140
    }, {
        "id": "xchapter_136",
        "linear": "yes",
        "properties": "",
        "href": "chapter_136.xhtml",
        "url": "https://s3.amazonaws.com/moby-dick/OPS/chapter_136.xhtml",
        "index": 141
    }, {
        "id": "copyright",
        "linear": "yes",
        "properties": "",
        "href": "copyright.xhtml",
        "url": "https://s3.amazonaws.com/moby-dick/OPS/copyright.xhtml",
        "index": 142
    }, {
        "id": "toc",
        "linear": "no",
        "properties": "nav",
        "href": "toc.xhtml",
        "url": "https://s3.amazonaws.com/moby-dick/OPS/toc.xhtml",
        "index": 143
    }],
    "navPath": "toc.xhtml",
    "coverPath": "cover.xhtml",
    "cover": "https://s3.amazonaws.com/moby-dick/OPS/images/9780316000000.jpg",
    "toc": [{
        "id": "toc-titlepage",
        "href": "titlepage.xhtml",
        "label": "Moby-Dick",
        "subitems": false,
        "parent": "toc"
    }, {
        "id": "toc-preface_001",
        "href": "preface_001.xhtml",
        "label": "Original Transcriber’s Notes:",
        "subitems": false,
        "parent": "toc"
    }, {
        "id": "toc-introduction_001",
        "href": "introduction_001.xhtml",
        "label": "ETYMOLOGY.",
        "subitems": false,
        "parent": "toc"
    }, {
        "id": "toc-epigraph_001",
        "href": "epigraph_001.xhtml",
        "label": "EXTRACTS (Supplied by a Sub-Sub-Librarian).",
        "subitems": false,
        "parent": "toc"
    }, {
        "id": "toc-chapter_001",
        "href": "chapter_001.xhtml",
        "label": "Chapter 1. Loomings.",
        "subitems": false,
        "parent": "toc"
    }, {
        "id": "toc-chapter_002",
        "href": "chapter_002.xhtml",
        "label": "Chapter 2. The Carpet-Bag.",
        "subitems": false,
        "parent": "toc"
    }, {
        "id": "toc-chapter_003",
        "href": "chapter_003.xhtml",
        "label": "Chapter 3. The Spouter-Inn.",
        "subitems": false,
        "parent": "toc"
    }, {
        "id": "toc-chapter_004",
        "href": "chapter_004.xhtml",
        "label": "Chapter 4. The Counterpane.",
        "subitems": false,
        "parent": "toc"
    }, {
        "id": "toc-chapter_005",
        "href": "chapter_005.xhtml",
        "label": "Chapter 5. Breakfast.",
        "subitems": false,
        "parent": "toc"
    }, {
        "id": "toc-chapter_006",
        "href": "chapter_006.xhtml",
        "label": "Chapter 6. The Street.",
        "subitems": false,
        "parent": "toc"
    }, {
        "id": "toc-chapter_007",
        "href": "chapter_007.xhtml",
        "label": "Chapter 7. The Chapel.",
        "subitems": false,
        "parent": "toc"
    }, {
        "id": "toc-chapter_008",
        "href": "chapter_008.xhtml",
        "label": "Chapter 8. The Pulpit.",
        "subitems": false,
        "parent": "toc"
    }, {
        "id": "toc-chapter_009",
        "href": "chapter_009.xhtml",
        "label": "Chapter 9. The Sermon.",
        "subitems": false,
        "parent": "toc"
    }, {
        "id": "toc-chapter_010",
        "href": "chapter_010.xhtml",
        "label": "Chapter 10. A Bosom Friend.",
        "subitems": false,
        "parent": "toc"
    }, {
        "id": "toc-chapter_011",
        "href": "chapter_011.xhtml",
        "label": "Chapter 11. Nightgown.",
        "subitems": false,
        "parent": "toc"
    }, {
        "id": "toc-chapter_012",
        "href": "chapter_012.xhtml",
        "label": "Chapter 12. Biographical.",
        "subitems": false,
        "parent": "toc"
    }, {
        "id": "toc-chapter_013",
        "href": "chapter_013.xhtml",
        "label": "Chapter 13. Wheelbarrow.",
        "subitems": false,
        "parent": "toc"
    }, {
        "id": "toc-chapter_014",
        "href": "chapter_014.xhtml",
        "label": "Chapter 14. Nantucket.",
        "subitems": false,
        "parent": "toc"
    }, {
        "id": "toc-chapter_015",
        "href": "chapter_015.xhtml",
        "label": "Chapter 15. Chowder.",
        "subitems": false,
        "parent": "toc"
    }, {
        "id": "toc-chapter_016",
        "href": "chapter_016.xhtml",
        "label": "Chapter 16. The Ship.",
        "subitems": false,
        "parent": "toc"
    }, {
        "id": "toc-chapter_017",
        "href": "chapter_017.xhtml",
        "label": "Chapter 17. The Ramadan.",
        "subitems": false,
        "parent": "toc"
    }, {
        "id": "toc-chapter_018",
        "href": "chapter_018.xhtml",
        "label": "Chapter 18. His Mark.",
        "subitems": false,
        "parent": "toc"
    }, {
        "id": "toc-chapter_019",
        "href": "chapter_019.xhtml",
        "label": "Chapter 19. The Prophet.",
        "subitems": false,
        "parent": "toc"
    }, {
        "id": "toc-chapter_020",
        "href": "chapter_020.xhtml",
        "label": "Chapter 20. All Astir.",
        "subitems": false,
        "parent": "toc"
    }, {
        "id": "toc-chapter_021",
        "href": "chapter_021.xhtml",
        "label": "Chapter 21. Going Aboard.",
        "subitems": false,
        "parent": "toc"
    }, {
        "id": "toc-chapter_022",
        "href": "chapter_022.xhtml",
        "label": "Chapter 22. Merry Christmas.",
        "subitems": false,
        "parent": "toc"
    }, {
        "id": "toc-chapter_023",
        "href": "chapter_023.xhtml",
        "label": "Chapter 23. The Lee Shore.",
        "subitems": false,
        "parent": "toc"
    }, {
        "id": "toc-chapter_024",
        "href": "chapter_024.xhtml",
        "label": "Chapter 24. The Advocate.",
        "subitems": false,
        "parent": "toc"
    }, {
        "id": "toc-chapter_025",
        "href": "chapter_025.xhtml",
        "label": "Chapter 25. Postscript.",
        "subitems": false,
        "parent": "toc"
    }, {
        "id": "toc-chapter_026",
        "href": "chapter_026.xhtml",
        "label": "Chapter 26. Knights and Squires.",
        "subitems": false,
        "parent": "toc"
    }, {
        "id": "toc-chapter_027",
        "href": "chapter_027.xhtml",
        "label": "Chapter 27. Knights and Squires.",
        "subitems": false,
        "parent": "toc"
    }, {
        "id": "toc-chapter_028",
        "href": "chapter_028.xhtml",
        "label": "Chapter 28. Ahab.",
        "subitems": false,
        "parent": "toc"
    }, {
        "id": "toc-chapter_029",
        "href": "chapter_029.xhtml",
        "label": "Chapter 29. Enter Ahab; to Him, Stubb.",
        "subitems": false,
        "parent": "toc"
    }, {
        "id": "toc-chapter_030",
        "href": "chapter_030.xhtml",
        "label": "Chapter 30. The Pipe.",
        "subitems": false,
        "parent": "toc"
    }, {
        "id": "toc-chapter_031",
        "href": "chapter_031.xhtml",
        "label": "Chapter 31. Queen Mab.",
        "subitems": false,
        "parent": "toc"
    }, {
        "id": "toc-chapter_032",
        "href": "chapter_032.xhtml",
        "label": "Chapter 32. Cetology.",
        "subitems": false,
        "parent": "toc"
    }, {
        "id": "toc-chapter_033",
        "href": "chapter_033.xhtml",
        "label": "Chapter 33. The Specksnyder.",
        "subitems": false,
        "parent": "toc"
    }, {
        "id": "toc-chapter_034",
        "href": "chapter_034.xhtml",
        "label": "Chapter 34. The Cabin-Table.",
        "subitems": false,
        "parent": "toc"
    }, {
        "id": "toc-chapter_035",
        "href": "chapter_035.xhtml",
        "label": "Chapter 35. The Mast-Head.",
        "subitems": false,
        "parent": "toc"
    }, {
        "id": "toc-chapter_036",
        "href": "chapter_036.xhtml",
        "label": "Chapter 36. The Quarter-Deck.",
        "subitems": false,
        "parent": "toc"
    }, {
        "id": "toc-chapter_037",
        "href": "chapter_037.xhtml",
        "label": "Chapter 37. Sunset.",
        "subitems": false,
        "parent": "toc"
    }, {
        "id": "toc-chapter_038",
        "href": "chapter_038.xhtml",
        "label": "Chapter 38. Dusk.",
        "subitems": false,
        "parent": "toc"
    }, {
        "id": "toc-chapter_039",
        "href": "chapter_039.xhtml",
        "label": "Chapter 39. First Night Watch.",
        "subitems": false,
        "parent": "toc"
    }, {
        "id": "toc-chapter_040",
        "href": "chapter_040.xhtml",
        "label": "Chapter 40. Midnight, Forecastle.",
        "subitems": false,
        "parent": "toc"
    }, {
        "id": "toc-chapter_041",
        "href": "chapter_041.xhtml",
        "label": "Chapter 41. Moby Dick.",
        "subitems": false,
        "parent": "toc"
    }, {
        "id": "toc-chapter_042",
        "href": "chapter_042.xhtml",
        "label": "Chapter 42. The Whiteness of The Whale.",
        "subitems": false,
        "parent": "toc"
    }, {
        "id": "toc-chapter_043",
        "href": "chapter_043.xhtml",
        "label": "Chapter 43. Hark!",
        "subitems": false,
        "parent": "toc"
    }, {
        "id": "toc-chapter_044",
        "href": "chapter_044.xhtml",
        "label": "Chapter 44. The Chart.",
        "subitems": false,
        "parent": "toc"
    }, {
        "id": "toc-chapter_045",
        "href": "chapter_045.xhtml",
        "label": "Chapter 45. The Affidavit.",
        "subitems": false,
        "parent": "toc"
    }, {
        "id": "toc-chapter_046",
        "href": "chapter_046.xhtml",
        "label": "Chapter 46. Surmises.",
        "subitems": false,
        "parent": "toc"
    }, {
        "id": "toc-chapter_047",
        "href": "chapter_047.xhtml",
        "label": "Chapter 47. The Mat-Maker.",
        "subitems": false,
        "parent": "toc"
    }, {
        "id": "toc-chapter_048",
        "href": "chapter_048.xhtml",
        "label": "Chapter 48. The First Lowering.",
        "subitems": false,
        "parent": "toc"
    }, {
        "id": "toc-chapter_049",
        "href": "chapter_049.xhtml",
        "label": "Chapter 49. The Hyena.",
        "subitems": false,
        "parent": "toc"
    }, {
        "id": "toc-chapter_050",
        "href": "chapter_050.xhtml",
        "label": "Chapter 50. Ahab’s Boat and Crew. Fedallah.",
        "subitems": false,
        "parent": "toc"
    }, {
        "id": "toc-chapter_051",
        "href": "chapter_051.xhtml",
        "label": "Chapter 51. The Spirit-Spout.",
        "subitems": false,
        "parent": "toc"
    }, {
        "id": "toc-chapter_052",
        "href": "chapter_052.xhtml",
        "label": "Chapter 52. The Albatross.",
        "subitems": false,
        "parent": "toc"
    }, {
        "id": "toc-chapter_053",
        "href": "chapter_053.xhtml",
        "label": "Chapter 53. The Gam.",
        "subitems": false,
        "parent": "toc"
    }, {
        "id": "toc-chapter_054",
        "href": "chapter_054.xhtml",
        "label": "Chapter 54. The Town-Ho’s Story.",
        "subitems": false,
        "parent": "toc"
    }, {
        "id": "toc-chapter_055",
        "href": "chapter_055.xhtml",
        "label": "Chapter 55. Of the Monstrous Pictures of Whales.",
        "subitems": false,
        "parent": "toc"
    }, {
        "id": "toc-chapter_056",
        "href": "chapter_056.xhtml",
        "label": "Chapter 56. Of the Less Erroneous Pictures of Whales, and the True",
        "subitems": false,
        "parent": "toc"
    }, {
        "id": "toc-chapter_057",
        "href": "chapter_057.xhtml",
        "label": "Chapter 57. Of Whales in Paint; in Teeth; in Wood; in Sheet-Iron; in",
        "subitems": false,
        "parent": "toc"
    }, {
        "id": "toc-chapter_058",
        "href": "chapter_058.xhtml",
        "label": "Chapter 58. Brit.",
        "subitems": false,
        "parent": "toc"
    }, {
        "id": "toc-chapter_059",
        "href": "chapter_059.xhtml",
        "label": "Chapter 59. Squid.",
        "subitems": false,
        "parent": "toc"
    }, {
        "id": "toc-chapter_060",
        "href": "chapter_060.xhtml",
        "label": "Chapter 60. The Line.",
        "subitems": false,
        "parent": "toc"
    }, {
        "id": "toc-chapter_061",
        "href": "chapter_061.xhtml",
        "label": "Chapter 61. Stubb Kills a Whale.",
        "subitems": false,
        "parent": "toc"
    }, {
        "id": "toc-chapter_062",
        "href": "chapter_062.xhtml",
        "label": "Chapter 62. The Dart.",
        "subitems": false,
        "parent": "toc"
    }, {
        "id": "toc-chapter_063",
        "href": "chapter_063.xhtml",
        "label": "Chapter 63. The Crotch.",
        "subitems": false,
        "parent": "toc"
    }, {
        "id": "toc-chapter_064",
        "href": "chapter_064.xhtml",
        "label": "Chapter 64. Stubb’s Supper.",
        "subitems": false,
        "parent": "toc"
    }, {
        "id": "toc-chapter_065",
        "href": "chapter_065.xhtml",
        "label": "Chapter 65. The Whale as a Dish.",
        "subitems": false,
        "parent": "toc"
    }, {
        "id": "toc-chapter_066",
        "href": "chapter_066.xhtml",
        "label": "Chapter 66. The Shark Massacre.",
        "subitems": false,
        "parent": "toc"
    }, {
        "id": "toc-chapter_067",
        "href": "chapter_067.xhtml",
        "label": "Chapter 67. Cutting In.",
        "subitems": false,
        "parent": "toc"
    }, {
        "id": "toc-chapter_068",
        "href": "chapter_068.xhtml",
        "label": "Chapter 68. The Blanket.",
        "subitems": false,
        "parent": "toc"
    }, {
        "id": "toc-chapter_069",
        "href": "chapter_069.xhtml",
        "label": "Chapter 69. The Funeral.",
        "subitems": false,
        "parent": "toc"
    }, {
        "id": "toc-chapter_070",
        "href": "chapter_070.xhtml",
        "label": "Chapter 70. The Sphynx.",
        "subitems": false,
        "parent": "toc"
    }, {
        "id": "toc-chapter_071",
        "href": "chapter_071.xhtml",
        "label": "Chapter 71. The Jeroboam’s Story.",
        "subitems": false,
        "parent": "toc"
    }, {
        "id": "toc-chapter_072",
        "href": "chapter_072.xhtml",
        "label": "Chapter 72. The Monkey-Rope.",
        "subitems": false,
        "parent": "toc"
    }, {
        "id": "toc-chapter_073",
        "href": "chapter_073.xhtml",
        "label": "Chapter 73. Stubb and Flask Kill a Right Whale; and Then Have a Talk",
        "subitems": false,
        "parent": "toc"
    }, {
        "id": "toc-chapter_074",
        "href": "chapter_074.xhtml",
        "label": "Chapter 74. The Sperm Whale’s Head—Contrasted View.",
        "subitems": false,
        "parent": "toc"
    }, {
        "id": "toc-chapter_075",
        "href": "chapter_075.xhtml",
        "label": "Chapter 75. The Right Whale’s Head—Contrasted View.",
        "subitems": false,
        "parent": "toc"
    }, {
        "id": "toc-chapter_076",
        "href": "chapter_076.xhtml",
        "label": "Chapter 76. The Battering-Ram.",
        "subitems": false,
        "parent": "toc"
    }, {
        "id": "toc-chapter_077",
        "href": "chapter_077.xhtml",
        "label": "Chapter 77. The Great Heidelburgh Tun.",
        "subitems": false,
        "parent": "toc"
    }, {
        "id": "toc-chapter_078",
        "href": "chapter_078.xhtml",
        "label": "Chapter 78. Cistern and Buckets.",
        "subitems": false,
        "parent": "toc"
    }, {
        "id": "toc-chapter_079",
        "href": "chapter_079.xhtml",
        "label": "Chapter 79. The Prairie.",
        "subitems": false,
        "parent": "toc"
    }, {
        "id": "toc-chapter_080",
        "href": "chapter_080.xhtml",
        "label": "Chapter 80. The Nut.",
        "subitems": false,
        "parent": "toc"
    }, {
        "id": "toc-chapter_081",
        "href": "chapter_081.xhtml",
        "label": "Chapter 81. The Pequod Meets The Virgin.",
        "subitems": false,
        "parent": "toc"
    }, {
        "id": "toc-chapter_082",
        "href": "chapter_082.xhtml",
        "label": "Chapter 82. The Honour and Glory of Whaling.",
        "subitems": false,
        "parent": "toc"
    }, {
        "id": "toc-chapter_083",
        "href": "chapter_083.xhtml",
        "label": "Chapter 83. Jonah Historically Regarded.",
        "subitems": false,
        "parent": "toc"
    }, {
        "id": "toc-chapter_084",
        "href": "chapter_084.xhtml",
        "label": "Chapter 84. Pitchpoling.",
        "subitems": false,
        "parent": "toc"
    }, {
        "id": "toc-chapter_085",
        "href": "chapter_085.xhtml",
        "label": "Chapter 85. The Fountain.",
        "subitems": false,
        "parent": "toc"
    }, {
        "id": "toc-chapter_086",
        "href": "chapter_086.xhtml",
        "label": "Chapter 86. The Tail.",
        "subitems": false,
        "parent": "toc"
    }, {
        "id": "toc-chapter_087",
        "href": "chapter_087.xhtml",
        "label": "Chapter 87. The Grand Armada.",
        "subitems": false,
        "parent": "toc"
    }, {
        "id": "toc-chapter_088",
        "href": "chapter_088.xhtml",
        "label": "Chapter 88. Schools and Schoolmasters.",
        "subitems": false,
        "parent": "toc"
    }, {
        "id": "toc-chapter_089",
        "href": "chapter_089.xhtml",
        "label": "Chapter 89. Fast-Fish and Loose-Fish.",
        "subitems": false,
        "parent": "toc"
    }, {
        "id": "toc-chapter_090",
        "href": "chapter_090.xhtml",
        "label": "Chapter 90. Heads or Tails.",
        "subitems": false,
        "parent": "toc"
    }, {
        "id": "toc-chapter_091",
        "href": "chapter_091.xhtml",
        "label": "Chapter 91. The Pequod Meets The Rose-Bud.",
        "subitems": false,
        "parent": "toc"
    }, {
        "id": "toc-chapter_092",
        "href": "chapter_092.xhtml",
        "label": "Chapter 92. Ambergris.",
        "subitems": false,
        "parent": "toc"
    }, {
        "id": "toc-chapter_093",
        "href": "chapter_093.xhtml",
        "label": "Chapter 93. The Castaway.",
        "subitems": false,
        "parent": "toc"
    }, {
        "id": "toc-chapter_094",
        "href": "chapter_094.xhtml",
        "label": "Chapter 94. A Squeeze of the Hand.",
        "subitems": false,
        "parent": "toc"
    }, {
        "id": "toc-chapter_095",
        "href": "chapter_095.xhtml",
        "label": "Chapter 95. The Cassock.",
        "subitems": false,
        "parent": "toc"
    }, {
        "id": "toc-chapter_096",
        "href": "chapter_096.xhtml",
        "label": "Chapter 96. The Try-Works.",
        "subitems": false,
        "parent": "toc"
    }, {
        "id": "toc-chapter_097",
        "href": "chapter_097.xhtml",
        "label": "Chapter 97. The Lamp.",
        "subitems": false,
        "parent": "toc"
    }, {
        "id": "toc-chapter_098",
        "href": "chapter_098.xhtml",
        "label": "Chapter 98. Stowing Down and Clearing Up.",
        "subitems": false,
        "parent": "toc"
    }, {
        "id": "toc-chapter_099",
        "href": "chapter_099.xhtml",
        "label": "Chapter 99. The Doubloon.",
        "subitems": false,
        "parent": "toc"
    }, {
        "id": "toc-chapter_100",
        "href": "chapter_100.xhtml",
        "label": "Chapter 100. Leg and Arm.",
        "subitems": false,
        "parent": "toc"
    }, {
        "id": "toc-chapter_101",
        "href": "chapter_101.xhtml",
        "label": "Chapter 101. The Decanter.",
        "subitems": false,
        "parent": "toc"
    }, {
        "id": "toc-chapter_102",
        "href": "chapter_102.xhtml",
        "label": "Chapter 102. A Bower in the Arsacides.",
        "subitems": false,
        "parent": "toc"
    }, {
        "id": "toc-chapter_103",
        "href": "chapter_103.xhtml",
        "label": "Chapter 103. Measurement of The Whale’s Skeleton.",
        "subitems": false,
        "parent": "toc"
    }, {
        "id": "toc-chapter_104",
        "href": "chapter_104.xhtml",
        "label": "Chapter 104. The Fossil Whale.",
        "subitems": false,
        "parent": "toc"
    }, {
        "id": "toc-chapter_105",
        "href": "chapter_105.xhtml",
        "label": "Chapter 105. Does the Whale’s Magnitude Diminish?—Will He Perish?",
        "subitems": false,
        "parent": "toc"
    }, {
        "id": "toc-chapter_106",
        "href": "chapter_106.xhtml",
        "label": "Chapter 106. Ahab’s Leg.",
        "subitems": false,
        "parent": "toc"
    }, {
        "id": "toc-chapter_107",
        "href": "chapter_107.xhtml",
        "label": "Chapter 107. The Carpenter.",
        "subitems": false,
        "parent": "toc"
    }, {
        "id": "toc-chapter_108",
        "href": "chapter_108.xhtml",
        "label": "Chapter 108. Ahab and the Carpenter.",
        "subitems": false,
        "parent": "toc"
    }, {
        "id": "toc-chapter_109",
        "href": "chapter_109.xhtml",
        "label": "Chapter 109. Ahab and Starbuck in the Cabin.",
        "subitems": false,
        "parent": "toc"
    }, {
        "id": "toc-chapter_110",
        "href": "chapter_110.xhtml",
        "label": "Chapter 110. Queequeg in His Coffin.",
        "subitems": false,
        "parent": "toc"
    }, {
        "id": "toc-chapter_111",
        "href": "chapter_111.xhtml",
        "label": "Chapter 111. The Pacific.",
        "subitems": false,
        "parent": "toc"
    }, {
        "id": "toc-chapter_112",
        "href": "chapter_112.xhtml",
        "label": "Chapter 112. The Blacksmith.",
        "subitems": false,
        "parent": "toc"
    }, {
        "id": "toc-chapter_113",
        "href": "chapter_113.xhtml",
        "label": "Chapter 113. The Forge.",
        "subitems": false,
        "parent": "toc"
    }, {
        "id": "toc-chapter_114",
        "href": "chapter_114.xhtml",
        "label": "Chapter 114. The Gilder.",
        "subitems": false,
        "parent": "toc"
    }, {
        "id": "toc-chapter_115",
        "href": "chapter_115.xhtml",
        "label": "Chapter 115. The Pequod Meets The Bachelor.",
        "subitems": false,
        "parent": "toc"
    }, {
        "id": "toc-chapter_116",
        "href": "chapter_116.xhtml",
        "label": "Chapter 116. The Dying Whale.",
        "subitems": false,
        "parent": "toc"
    }, {
        "id": "toc-chapter_117",
        "href": "chapter_117.xhtml",
        "label": "Chapter 117. The Whale Watch.",
        "subitems": false,
        "parent": "toc"
    }, {
        "id": "toc-chapter_118",
        "href": "chapter_118.xhtml",
        "label": "Chapter 118. The Quadrant.",
        "subitems": false,
        "parent": "toc"
    }, {
        "id": "toc-chapter_119",
        "href": "chapter_119.xhtml",
        "label": "Chapter 119. The Candles.",
        "subitems": false,
        "parent": "toc"
    }, {
        "id": "toc-chapter_120",
        "href": "chapter_120.xhtml",
        "label": "Chapter 120. The Deck Towards the End of the First Night Watch.",
        "subitems": false,
        "parent": "toc"
    }, {
        "id": "toc-chapter_121",
        "href": "chapter_121.xhtml",
        "label": "Chapter 121. Midnight.—The Forecastle Bulwarks.",
        "subitems": false,
        "parent": "toc"
    }, {
        "id": "toc-chapter_122",
        "href": "chapter_122.xhtml",
        "label": "Chapter 122. Midnight Aloft.—Thunder and Lightning.",
        "subitems": false,
        "parent": "toc"
    }, {
        "id": "toc-chapter_123",
        "href": "chapter_123.xhtml",
        "label": "Chapter 123. The Musket.",
        "subitems": false,
        "parent": "toc"
    }, {
        "id": "toc-chapter_124",
        "href": "chapter_124.xhtml",
        "label": "Chapter 124. The Needle.",
        "subitems": false,
        "parent": "toc"
    }, {
        "id": "toc-chapter_125",
        "href": "chapter_125.xhtml",
        "label": "Chapter 125. The Log and Line.",
        "subitems": false,
        "parent": "toc"
    }, {
        "id": "toc-chapter_126",
        "href": "chapter_126.xhtml",
        "label": "Chapter 126. The Life-Buoy.",
        "subitems": [
            {
                "id": "toc-chapter_126_A",
                "href": "chapter_126.xhtml#chapter126A",
                "label": "Chapter 126-Sample child",
                "subitems": [
                    {
                        "id": "toc-chapter_126_A_100",
                        "href": "chapter_126.xhtml#chapter126AA",
                        "label": "Chapter 126-Sample Sub child",
                        "subitems":[]
                    }
                ]
            },
            {
              "id": "toc-chapter_126_B",
              "href": "chapter_126.xhtml#chapter126B",
              "label": "Chapter 126-Sample child 2",
              "subitems":[]
            }
        ],
        "parent": "toc"
    }, {
        "id": "toc-chapter_127",
        "href": "chapter_127.xhtml",
        "label": "Chapter 127. The Deck.",
        "subitems": false,
        "parent": "toc"
    }, {
        "id": "toc-chapter_128",
        "href": "chapter_128.xhtml",
        "label": "Chapter 128. The Pequod Meets The Rachel.",
        "subitems": false,
        "parent": "toc"
    }, {
        "id": "toc-chapter_129",
        "href": "chapter_129.xhtml",
        "label": "Chapter 129. The Cabin.",
        "subitems": false,
        "parent": "toc"
    }, {
        "id": "toc-chapter_130",
        "href": "chapter_130.xhtml",
        "label": "Chapter 130. The Hat.",
        "subitems": false,
        "parent": "toc"
    }, {
        "id": "toc-chapter_131",
        "href": "chapter_131.xhtml",
        "label": "Chapter 131. The Pequod Meets The Delight.",
        "subitems": false,
        "parent": "toc"
    }, {
        "id": "toc-chapter_132",
        "href": "chapter_132.xhtml",
        "label": "Chapter 132. The Symphony.",
        "subitems": false,
        "parent": "toc"
    }, {
        "id": "toc-chapter_133",
        "href": "chapter_133.xhtml",
        "label": "Chapter 133. The Chase—First Day.",
        "subitems": false,
        "parent": "toc"
    }, {
        "id": "toc-chapter_134",
        "href": "chapter_134.xhtml",
        "label": "Chapter 134. The Chase—Second Day.",
        "subitems": false,
        "parent": "toc"
    }, {
        "id": "toc-chapter_135",
        "href": "chapter_135.xhtml",
        "label": "Chapter 135. The Chase.—Third Day.",
        "subitems": false,
        "parent": "toc"
    }, {
        "id": "toc-chapter_136",
        "href": "chapter_136.xhtml",
        "label": "Epilogue",
        "subitems": false,
        "parent": "toc"
    }, {
        "id": "copyright",
        "href": "copyright.xhtml",
        "label": "Copyright Page",
        "subitems": false,
        "parent": "toc"
    }]
}
